{
  "Total" : {
    "transaction" : "Total",
    "sampleCount" : 192,
    "errorCount" : 192,
    "errorPct" : 100.0,
    "meanResTime" : 8117.078124999998,
    "medianResTime" : 7874.0,
    "minResTime" : 3885.0,
    "maxResTime" : 12308.0,
    "pct1ResTime" : 11455.300000000001,
    "pct2ResTime" : 11525.0,
    "pct3ResTime" : 12305.21,
    "throughput" : 2.0931449502878077,
    "receivedKBytesPerSec" : 0.47448366365777084,
    "sentKBytesPerSec" : 0.3209216378859236
  },
  "Request 3" : {
    "transaction" : "Request 3",
    "sampleCount" : 64,
    "errorCount" : 64,
    "errorPct" : 100.0,
    "meanResTime" : 8381.15625,
    "medianResTime" : 8010.0,
    "minResTime" : 4896.0,
    "maxResTime" : 12301.0,
    "pct1ResTime" : 11481.0,
    "pct2ResTime" : 11527.0,
    "pct3ResTime" : 12301.0,
    "throughput" : 0.6977149834292691,
    "receivedKBytesPerSec" : 0.1580760509331938,
    "sentKBytesPerSec" : 0.10697387929530787
  },
  "Request 1" : {
    "transaction" : "Request 1",
    "sampleCount" : 64,
    "errorCount" : 64,
    "errorPct" : 100.0,
    "meanResTime" : 7848.796874999999,
    "medianResTime" : 7870.5,
    "minResTime" : 3885.0,
    "maxResTime" : 12308.0,
    "pct1ResTime" : 10518.5,
    "pct2ResTime" : 11540.5,
    "pct3ResTime" : 12308.0,
    "throughput" : 0.7309524081455508,
    "receivedKBytesPerSec" : 0.16578486014824628,
    "sentKBytesPerSec" : 0.1120698516395034
  },
  "Request 2" : {
    "transaction" : "Request 2",
    "sampleCount" : 64,
    "errorCount" : 64,
    "errorPct" : 100.0,
    "meanResTime" : 8121.281249999998,
    "medianResTime" : 7877.5,
    "minResTime" : 4893.0,
    "maxResTime" : 12305.0,
    "pct1ResTime" : 11475.5,
    "pct2ResTime" : 11515.0,
    "pct3ResTime" : 12305.0,
    "throughput" : 0.6977149834292691,
    "receivedKBytesPerSec" : 0.15816122121925694,
    "sentKBytesPerSec" : 0.10697387929530787
  }
}